,links
0,https://www.cian.ru/sale/flat/292125772/
1,https://www.cian.ru/sale/flat/297733877/
2,https://www.cian.ru/sale/flat/295473855/
3,https://www.cian.ru/sale/flat/295370167/
4,https://www.cian.ru/sale/flat/298630307/
5,https://www.cian.ru/sale/flat/299344312/
6,https://www.cian.ru/sale/flat/297972141/
7,https://www.cian.ru/sale/flat/299476204/
8,https://www.cian.ru/sale/flat/271758050/
9,https://www.cian.ru/sale/flat/299735585/
10,https://www.cian.ru/sale/flat/299660537/
11,https://www.cian.ru/sale/flat/297231399/
12,https://www.cian.ru/sale/flat/295977372/
13,https://www.cian.ru/sale/flat/291778742/
14,https://www.cian.ru/sale/flat/296871939/
15,https://www.cian.ru/sale/flat/291309258/
16,https://www.cian.ru/sale/flat/299660567/
17,https://www.cian.ru/sale/flat/296402127/
18,https://www.cian.ru/sale/flat/293713880/
19,https://www.cian.ru/sale/flat/285925205/
20,https://www.cian.ru/sale/flat/291563636/
21,https://www.cian.ru/sale/flat/285925030/
22,https://www.cian.ru/sale/flat/264100219/
23,https://www.cian.ru/sale/flat/261660705/
24,https://www.cian.ru/sale/flat/299813202/
25,https://www.cian.ru/sale/flat/288460497/
26,https://www.cian.ru/sale/flat/298380135/
27,https://www.cian.ru/sale/flat/298866325/
28,https://www.cian.ru/sale/flat/299093649/
29,https://www.cian.ru/sale/flat/297935793/
30,https://www.cian.ru/sale/flat/289484533/
31,https://www.cian.ru/sale/flat/293460807/
32,https://www.cian.ru/sale/flat/296921093/
33,https://www.cian.ru/sale/flat/292853086/
34,https://www.cian.ru/sale/flat/294819961/
35,https://www.cian.ru/sale/flat/292853041/
36,https://www.cian.ru/sale/flat/296836633/
37,https://www.cian.ru/sale/flat/279871964/
38,https://www.cian.ru/sale/flat/288750828/
39,https://www.cian.ru/sale/flat/297681232/
40,https://www.cian.ru/sale/flat/298516517/
41,https://www.cian.ru/sale/flat/299502767/
42,https://www.cian.ru/sale/flat/280427150/
43,https://www.cian.ru/sale/flat/292852389/
44,https://www.cian.ru/sale/flat/299800447/
45,https://www.cian.ru/sale/flat/299138199/
46,https://www.cian.ru/sale/flat/262519758/
47,https://www.cian.ru/sale/flat/286007029/
48,https://www.cian.ru/sale/flat/299801831/
49,https://www.cian.ru/sale/flat/299255180/
50,https://www.cian.ru/sale/flat/299327996/
51,https://www.cian.ru/sale/flat/299054017/
52,https://www.cian.ru/sale/flat/299262095/
53,https://www.cian.ru/sale/flat/299250886/
54,https://www.cian.ru/sale/flat/294518637/
55,https://www.cian.ru/sale/flat/299560777/
56,https://www.cian.ru/sale/flat/288222585/
57,https://www.cian.ru/sale/flat/299644232/
58,https://www.cian.ru/sale/flat/292406418/
59,https://www.cian.ru/sale/flat/295795771/
60,https://www.cian.ru/sale/flat/293911275/
61,https://www.cian.ru/sale/flat/299384027/
62,https://www.cian.ru/sale/flat/274568570/
63,https://www.cian.ru/sale/flat/298534728/
64,https://www.cian.ru/sale/flat/299620326/
65,https://www.cian.ru/sale/flat/298559738/
66,https://www.cian.ru/sale/flat/298516183/
67,https://www.cian.ru/sale/flat/299095523/
68,https://www.cian.ru/sale/flat/298051609/
69,https://www.cian.ru/sale/flat/293662864/
70,https://www.cian.ru/sale/flat/293721204/
71,https://www.cian.ru/sale/flat/293126875/
72,https://www.cian.ru/sale/flat/297997312/
73,https://www.cian.ru/sale/flat/295695080/
74,https://www.cian.ru/sale/flat/294328854/
75,https://www.cian.ru/sale/flat/296337194/
76,https://www.cian.ru/sale/flat/260683808/
77,https://www.cian.ru/sale/flat/298127471/
78,https://www.cian.ru/sale/flat/297972137/
79,https://www.cian.ru/sale/flat/299317840/
80,https://www.cian.ru/sale/flat/284404561/
81,https://www.cian.ru/sale/flat/298457990/
82,https://www.cian.ru/sale/flat/296921239/
83,https://www.cian.ru/sale/flat/298128369/
84,https://www.cian.ru/sale/flat/299620516/
85,https://www.cian.ru/sale/flat/281500564/
86,https://www.cian.ru/sale/flat/285606693/
87,https://www.cian.ru/sale/flat/291638454/
88,https://www.cian.ru/sale/flat/299168071/
89,https://www.cian.ru/sale/flat/247174958/
90,https://www.cian.ru/sale/flat/299066731/
91,https://www.cian.ru/sale/flat/299755678/
92,https://www.cian.ru/sale/flat/297462951/
93,https://www.cian.ru/sale/flat/298804885/
94,https://www.cian.ru/sale/flat/296871845/
95,https://www.cian.ru/sale/flat/299237232/
96,https://www.cian.ru/sale/flat/290790439/
97,https://www.cian.ru/sale/flat/294513494/
98,https://www.cian.ru/sale/flat/299620114/
99,https://www.cian.ru/sale/flat/297160712/
100,https://www.cian.ru/sale/flat/274701405/
101,https://www.cian.ru/sale/flat/296057752/
102,https://www.cian.ru/sale/flat/299649001/
103,https://www.cian.ru/sale/flat/299145698/
104,https://www.cian.ru/sale/flat/299132492/
105,https://www.cian.ru/sale/flat/297460708/
106,https://www.cian.ru/sale/flat/294196808/
107,https://www.cian.ru/sale/flat/299143568/
108,https://www.cian.ru/sale/flat/299137278/
109,https://www.cian.ru/sale/flat/297949569/
110,https://www.cian.ru/sale/flat/293713671/
111,https://www.cian.ru/sale/flat/281590820/
112,https://www.cian.ru/sale/flat/298001060/
113,https://www.cian.ru/sale/flat/299832545/
114,https://www.cian.ru/sale/flat/289490603/
115,https://www.cian.ru/sale/flat/297951703/
116,https://www.cian.ru/sale/flat/264100717/
117,https://www.cian.ru/sale/flat/299297691/
118,https://www.cian.ru/sale/flat/299661848/
119,https://www.cian.ru/sale/flat/298209370/
120,https://www.cian.ru/sale/flat/299622170/
121,https://www.cian.ru/sale/flat/299290455/
122,https://www.cian.ru/sale/flat/297596646/
123,https://www.cian.ru/sale/flat/299106424/
124,https://www.cian.ru/sale/flat/297972146/
125,https://www.cian.ru/sale/flat/298205927/
126,https://www.cian.ru/sale/flat/295113168/
127,https://www.cian.ru/sale/flat/299776865/
128,https://www.cian.ru/sale/flat/297286573/
129,https://www.cian.ru/sale/flat/299508355/
130,https://www.cian.ru/sale/flat/296303089/
131,https://www.cian.ru/sale/flat/295406058/
132,https://www.cian.ru/sale/flat/271758043/
133,https://www.cian.ru/sale/flat/294872333/
134,https://www.cian.ru/sale/flat/299660517/
135,https://www.cian.ru/sale/flat/299189573/
136,https://www.cian.ru/sale/flat/299093496/
137,https://www.cian.ru/sale/flat/298095021/
138,https://www.cian.ru/sale/flat/290856483/
139,https://www.cian.ru/sale/flat/298609026/
140,https://www.cian.ru/sale/flat/296482767/
141,https://www.cian.ru/sale/flat/297900972/
142,https://www.cian.ru/sale/flat/296921064/
143,https://www.cian.ru/sale/flat/299018185/
144,https://www.cian.ru/sale/flat/296847956/
145,https://www.cian.ru/sale/flat/296898956/
146,https://www.cian.ru/sale/flat/288136857/
147,https://www.cian.ru/sale/flat/298703000/
148,https://www.cian.ru/sale/flat/297834627/
149,https://www.cian.ru/sale/flat/290333469/
150,https://www.cian.ru/sale/flat/288750856/
151,https://www.cian.ru/sale/flat/298210330/
152,https://www.cian.ru/sale/flat/299137381/
153,https://www.cian.ru/sale/flat/299456268/
154,https://www.cian.ru/sale/flat/299379428/
155,https://www.cian.ru/sale/flat/298983974/
156,https://www.cian.ru/sale/flat/298849163/
157,https://www.cian.ru/sale/flat/283410183/
158,https://www.cian.ru/sale/flat/274568632/
159,https://www.cian.ru/sale/flat/283627992/
160,https://www.cian.ru/sale/flat/293732284/
161,https://www.cian.ru/sale/flat/269687278/
162,https://www.cian.ru/sale/flat/297983479/
163,https://www.cian.ru/sale/flat/295411365/
164,https://www.cian.ru/sale/flat/299744933/
165,https://www.cian.ru/sale/flat/299453975/
166,https://www.cian.ru/sale/flat/287317369/
167,https://www.cian.ru/sale/flat/298521180/
168,https://www.cian.ru/sale/flat/299801864/
169,https://www.cian.ru/sale/flat/293449690/
170,https://www.cian.ru/sale/flat/299577116/
171,https://www.cian.ru/sale/flat/292878504/
172,https://www.cian.ru/sale/flat/292035501/
173,https://www.cian.ru/sale/flat/294977748/
174,https://www.cian.ru/sale/flat/293202354/
175,https://www.cian.ru/sale/flat/286941687/
176,https://www.cian.ru/sale/flat/296085449/
177,https://www.cian.ru/sale/flat/298048143/
178,https://www.cian.ru/sale/flat/299262122/
179,https://www.cian.ru/sale/flat/298752950/
180,https://www.cian.ru/sale/flat/294903830/
181,https://www.cian.ru/sale/flat/295295279/
182,https://www.cian.ru/sale/flat/295061240/
183,https://www.cian.ru/sale/flat/295092936/
184,https://www.cian.ru/sale/flat/293713709/
185,https://www.cian.ru/sale/flat/294683425/
186,https://www.cian.ru/sale/flat/298001410/
187,https://www.cian.ru/sale/flat/298045968/
188,https://www.cian.ru/sale/flat/298278959/
189,https://www.cian.ru/sale/flat/297459147/
190,https://www.cian.ru/sale/flat/283856103/
191,https://www.cian.ru/sale/flat/294675252/
192,https://www.cian.ru/sale/flat/291757373/
193,https://www.cian.ru/sale/flat/298409167/
194,https://www.cian.ru/sale/flat/292406404/
195,https://www.cian.ru/sale/flat/297739236/
196,https://www.cian.ru/sale/flat/264100277/
197,https://www.cian.ru/sale/flat/298150320/
198,https://www.cian.ru/sale/flat/298285362/
199,https://www.cian.ru/sale/flat/297113067/
200,https://www.cian.ru/sale/flat/298027335/
201,https://www.cian.ru/sale/flat/298457776/
202,https://www.cian.ru/sale/flat/295182510/
203,https://www.cian.ru/sale/flat/296325197/
204,https://www.cian.ru/sale/flat/293911173/
205,https://www.cian.ru/sale/flat/293958982/
206,https://www.cian.ru/sale/flat/298064004/
207,https://www.cian.ru/sale/flat/299134800/
208,https://www.cian.ru/sale/flat/299622145/
209,https://www.cian.ru/sale/flat/296325192/
210,https://www.cian.ru/sale/flat/299306531/
211,https://www.cian.ru/sale/flat/296739976/
212,https://www.cian.ru/sale/flat/299137613/
213,https://www.cian.ru/sale/flat/298154164/
214,https://www.cian.ru/sale/flat/298051604/
215,https://www.cian.ru/sale/flat/293668197/
216,https://www.cian.ru/sale/flat/291868741/
217,https://www.cian.ru/sale/flat/284047364/
218,https://www.cian.ru/sale/flat/299659892/
219,https://www.cian.ru/sale/flat/287789002/
220,https://www.cian.ru/sale/flat/297997304/
221,https://www.cian.ru/sale/flat/289733280/
222,https://www.cian.ru/sale/flat/299226183/
223,https://www.cian.ru/sale/flat/297047636/
224,https://www.cian.ru/sale/flat/294328835/
225,https://www.cian.ru/sale/flat/293956212/
226,https://www.cian.ru/sale/flat/293376188/
227,https://www.cian.ru/sale/flat/287679683/
228,https://www.cian.ru/sale/flat/299682238/
229,https://www.cian.ru/sale/flat/295360181/
230,https://www.cian.ru/sale/flat/299093606/
231,https://www.cian.ru/sale/flat/287785206/
232,https://www.cian.ru/sale/flat/274788987/
233,https://www.cian.ru/sale/flat/285648398/
234,https://www.cian.ru/sale/flat/299765117/
235,https://www.cian.ru/sale/flat/295035055/
236,https://www.cian.ru/sale/flat/292154013/
237,https://www.cian.ru/sale/flat/299479908/
238,https://www.cian.ru/sale/flat/289484543/
239,https://www.cian.ru/sale/flat/298969311/
240,https://www.cian.ru/sale/flat/299370748/
241,https://www.cian.ru/sale/flat/298256924/
242,https://www.cian.ru/sale/flat/296921127/
243,https://www.cian.ru/sale/flat/293616402/
244,https://www.cian.ru/sale/flat/294819819/
245,https://www.cian.ru/sale/flat/299464258/
246,https://www.cian.ru/sale/flat/295278897/
247,https://www.cian.ru/sale/flat/298980804/
248,https://www.cian.ru/sale/flat/296847996/
249,https://www.cian.ru/sale/flat/299255562/
250,https://www.cian.ru/sale/flat/295995627/
251,https://www.cian.ru/sale/flat/295060027/
252,https://www.cian.ru/sale/flat/298509601/
254,https://www.cian.ru/sale/flat/291114452/
255,https://www.cian.ru/sale/flat/297581765/
256,https://www.cian.ru/sale/flat/299167967/
257,https://www.cian.ru/sale/flat/295403432/
258,https://www.cian.ru/sale/flat/298516373/
259,https://www.cian.ru/sale/flat/295763435/
260,https://www.cian.ru/sale/flat/291467888/
261,https://www.cian.ru/sale/flat/298163548/
262,https://www.cian.ru/sale/flat/299744934/
263,https://www.cian.ru/sale/flat/297233034/
264,https://www.cian.ru/sale/flat/269051087/
265,https://www.cian.ru/sale/flat/298279948/
266,https://www.cian.ru/sale/flat/298003630/
267,https://www.cian.ru/sale/flat/298719691/
268,https://www.cian.ru/sale/flat/293200726/
269,https://www.cian.ru/sale/flat/298756323/
270,https://www.cian.ru/sale/flat/298240165/
271,https://www.cian.ru/sale/flat/295467317/
272,https://www.cian.ru/sale/flat/294305628/
273,https://www.cian.ru/sale/flat/297707406/
274,https://www.cian.ru/sale/flat/299262107/
275,https://www.cian.ru/sale/flat/298155359/
276,https://www.cian.ru/sale/flat/298887069/
277,https://www.cian.ru/sale/flat/298474842/
278,https://www.cian.ru/sale/flat/293202607/
279,https://www.cian.ru/sale/flat/297897888/
280,https://www.cian.ru/sale/flat/286886774/
281,https://www.cian.ru/sale/flat/285032815/
282,https://www.cian.ru/sale/flat/293370342/
283,https://www.cian.ru/sale/flat/298473301/
284,https://www.cian.ru/sale/flat/282209333/
285,https://www.cian.ru/sale/flat/299292463/
286,https://www.cian.ru/sale/flat/299576624/
287,https://www.cian.ru/sale/flat/298049948/
288,https://www.cian.ru/sale/flat/291757183/
289,https://www.cian.ru/sale/flat/298966070/
290,https://www.cian.ru/sale/flat/292406303/
291,https://www.cian.ru/sale/flat/299098730/
292,https://www.cian.ru/sale/flat/298380292/
293,https://www.cian.ru/sale/flat/294302746/
294,https://www.cian.ru/sale/flat/299226637/
295,https://www.cian.ru/sale/flat/298654675/
296,https://www.cian.ru/sale/flat/299132310/
297,https://www.cian.ru/sale/flat/297745955/
298,https://www.cian.ru/sale/flat/293911215/
299,https://www.cian.ru/sale/flat/295971254/
300,https://www.cian.ru/sale/flat/274568601/
301,https://www.cian.ru/sale/flat/291318309/
302,https://www.cian.ru/sale/flat/299749170/
303,https://www.cian.ru/sale/flat/294720722/
304,https://www.cian.ru/sale/flat/298000930/
305,https://www.cian.ru/sale/flat/298646551/
306,https://www.cian.ru/sale/flat/299349339/
307,https://www.cian.ru/sale/flat/299429352/
308,https://www.cian.ru/sale/flat/298982624/
310,https://www.cian.ru/sale/flat/299487881/
311,https://www.cian.ru/sale/flat/285555298/
312,https://www.cian.ru/sale/flat/298871373/
313,https://www.cian.ru/sale/flat/299065480/
314,https://www.cian.ru/sale/flat/296358128/
315,https://www.cian.ru/sale/flat/296200698/
316,https://www.cian.ru/sale/flat/299384199/
317,https://www.cian.ru/sale/flat/272186797/
318,https://www.cian.ru/sale/flat/299379134/
319,https://www.cian.ru/sale/flat/299517098/
320,https://www.cian.ru/sale/flat/298516172/
321,https://www.cian.ru/sale/flat/299573102/
322,https://www.cian.ru/sale/flat/298051612/
323,https://www.cian.ru/sale/flat/294212104/
324,https://www.cian.ru/sale/flat/282960185/
325,https://www.cian.ru/sale/flat/299184972/
326,https://www.cian.ru/sale/flat/293915384/
327,https://www.cian.ru/sale/flat/299159248/
328,https://www.cian.ru/sale/flat/291868757/
329,https://www.cian.ru/sale/flat/299614153/
330,https://www.cian.ru/sale/flat/299661847/
331,https://www.cian.ru/sale/flat/298967813/
332,https://www.cian.ru/sale/flat/298006529/
333,https://www.cian.ru/sale/flat/296216266/
334,https://www.cian.ru/sale/flat/294328872/
335,https://www.cian.ru/sale/flat/298873799/
336,https://www.cian.ru/sale/flat/296119400/
338,https://www.cian.ru/sale/flat/293376116/
340,https://www.cian.ru/sale/flat/296871947/
341,https://www.cian.ru/sale/flat/298158048/
342,https://www.cian.ru/sale/flat/299053641/
343,https://www.cian.ru/sale/flat/282551748/
344,https://www.cian.ru/sale/flat/299778787/
345,https://www.cian.ru/sale/flat/292933473/
346,https://www.cian.ru/sale/flat/298055156/
347,https://www.cian.ru/sale/flat/298504143/
348,https://www.cian.ru/sale/flat/294274499/
349,https://www.cian.ru/sale/flat/295086005/
350,https://www.cian.ru/sale/flat/299800605/
351,https://www.cian.ru/sale/flat/297875183/
352,https://www.cian.ru/sale/flat/298576230/
353,https://www.cian.ru/sale/flat/296202968/
354,https://www.cian.ru/sale/flat/294583717/
355,https://www.cian.ru/sale/flat/299330003/
356,https://www.cian.ru/sale/flat/297286565/
357,https://www.cian.ru/sale/flat/293781651/
358,https://www.cian.ru/sale/flat/299350572/
359,https://www.cian.ru/sale/flat/298722985/
360,https://www.cian.ru/sale/flat/296303052/
361,https://www.cian.ru/sale/flat/273469240/
362,https://www.cian.ru/sale/flat/291114499/
363,https://www.cian.ru/sale/flat/292321437/
364,https://www.cian.ru/sale/flat/299168023/
366,https://www.cian.ru/sale/flat/296482764/
368,https://www.cian.ru/sale/flat/297177676/
370,https://www.cian.ru/sale/flat/299277599/
371,https://www.cian.ru/sale/flat/298820904/
372,https://www.cian.ru/sale/flat/298068847/
373,https://www.cian.ru/sale/flat/299776543/
374,https://www.cian.ru/sale/flat/296640079/
375,https://www.cian.ru/sale/flat/297119000/
376,https://www.cian.ru/sale/flat/295671053/
377,https://www.cian.ru/sale/flat/291342956/
378,https://www.cian.ru/sale/flat/297972135/
379,https://www.cian.ru/sale/flat/288452371/
380,https://www.cian.ru/sale/flat/290790426/
381,https://www.cian.ru/sale/flat/298156526/
382,https://www.cian.ru/sale/flat/293712072/
383,https://www.cian.ru/sale/flat/296390213/
384,https://www.cian.ru/sale/flat/299487421/
385,https://www.cian.ru/sale/flat/290883356/
386,https://www.cian.ru/sale/flat/299700433/
387,https://www.cian.ru/sale/flat/295954563/
388,https://www.cian.ru/sale/flat/296939042/
389,https://www.cian.ru/sale/flat/296106303/
390,https://www.cian.ru/sale/flat/297989215/
391,https://www.cian.ru/sale/flat/275876368/
392,https://www.cian.ru/sale/flat/299132370/
394,https://www.cian.ru/sale/flat/287405283/
395,https://www.cian.ru/sale/flat/291373130/
396,https://www.cian.ru/sale/flat/298147644/
397,https://www.cian.ru/sale/flat/293809446/
398,https://www.cian.ru/sale/flat/292391200/
399,https://www.cian.ru/sale/flat/273641909/
400,https://www.cian.ru/sale/flat/293376164/
401,https://www.cian.ru/sale/flat/293400070/
402,https://www.cian.ru/sale/flat/275952370/
403,https://www.cian.ru/sale/flat/298308357/
404,https://www.cian.ru/sale/flat/296523631/
405,https://www.cian.ru/sale/flat/297531759/
406,https://www.cian.ru/sale/flat/299066778/
407,https://www.cian.ru/sale/flat/291196149/
408,https://www.cian.ru/sale/flat/282960151/
409,https://www.cian.ru/sale/flat/291788223/
410,https://www.cian.ru/sale/flat/298149865/
411,https://www.cian.ru/sale/flat/298210838/
412,https://www.cian.ru/sale/flat/299023698/
413,https://www.cian.ru/sale/flat/299293800/
414,https://www.cian.ru/sale/flat/299656271/
415,https://www.cian.ru/sale/flat/295403430/
416,https://www.cian.ru/sale/flat/296745530/
417,https://www.cian.ru/sale/flat/298973372/
418,https://www.cian.ru/sale/flat/293584644/
419,https://www.cian.ru/sale/flat/295806618/
420,https://www.cian.ru/sale/flat/298643470/
421,https://www.cian.ru/sale/flat/289732534/
422,https://www.cian.ru/sale/flat/288808100/
424,https://www.cian.ru/sale/flat/294206691/
425,https://www.cian.ru/sale/flat/290052382/
426,https://www.cian.ru/sale/flat/296883257/
427,https://www.cian.ru/sale/flat/299655950/
428,https://www.cian.ru/sale/flat/298576251/
429,https://www.cian.ru/sale/flat/296110373/
430,https://www.cian.ru/sale/flat/299382324/
431,https://www.cian.ru/sale/flat/294584365/
432,https://www.cian.ru/sale/flat/296157107/
433,https://www.cian.ru/sale/flat/298161900/
434,https://www.cian.ru/sale/flat/296152248/
435,https://www.cian.ru/sale/flat/296152428/
436,https://www.cian.ru/sale/flat/296118340/
437,https://www.cian.ru/sale/flat/295672866/
438,https://www.cian.ru/sale/flat/299163101/
440,https://www.cian.ru/sale/flat/298967993/
441,https://www.cian.ru/sale/flat/297997316/
442,https://www.cian.ru/sale/flat/293918771/
443,https://www.cian.ru/sale/flat/298934713/
444,https://www.cian.ru/sale/flat/297707166/
445,https://www.cian.ru/sale/flat/292787122/
446,https://www.cian.ru/sale/flat/286713653/
447,https://www.cian.ru/sale/flat/297989270/
448,https://www.cian.ru/sale/flat/299050567/
450,https://www.cian.ru/sale/flat/293376105/
451,https://www.cian.ru/sale/flat/298357161/
452,https://www.cian.ru/sale/flat/295467334/
453,https://www.cian.ru/sale/flat/296560249/
454,https://www.cian.ru/sale/flat/298330774/
455,https://www.cian.ru/sale/flat/299158569/
456,https://www.cian.ru/sale/flat/292822064/
458,https://www.cian.ru/sale/flat/296303083/
460,https://www.cian.ru/sale/flat/297286596/
461,https://www.cian.ru/sale/flat/299777417/
462,https://www.cian.ru/sale/flat/299775878/
463,https://www.cian.ru/sale/flat/299620876/
465,https://www.cian.ru/sale/flat/291114448/
466,https://www.cian.ru/sale/flat/276155303/
467,https://www.cian.ru/sale/flat/292705478/
468,https://www.cian.ru/sale/flat/299059081/
469,https://www.cian.ru/sale/flat/299168004/
470,https://www.cian.ru/sale/flat/294577100/
471,https://www.cian.ru/sale/flat/274701423/
472,https://www.cian.ru/sale/flat/285606756/
473,https://www.cian.ru/sale/flat/295072445/
475,https://www.cian.ru/sale/flat/299168072/
476,https://www.cian.ru/sale/flat/299509241/
477,https://www.cian.ru/sale/flat/299509244/
478,https://www.cian.ru/sale/flat/298044975/
479,https://www.cian.ru/sale/flat/298794477/
480,https://www.cian.ru/sale/flat/297769511/
481,https://www.cian.ru/sale/flat/294654600/
482,https://www.cian.ru/sale/flat/292830288/
483,https://www.cian.ru/sale/flat/296668703/
485,https://www.cian.ru/sale/flat/297805133/
487,https://www.cian.ru/sale/flat/299153858/
489,https://www.cian.ru/sale/flat/299251933/
490,https://www.cian.ru/sale/flat/298796117/
491,https://www.cian.ru/sale/flat/293200768/
492,https://www.cian.ru/sale/flat/299633830/
493,https://www.cian.ru/sale/flat/295519457/
494,https://www.cian.ru/sale/flat/298037035/
496,https://www.cian.ru/sale/flat/299132311/
497,https://www.cian.ru/sale/flat/291114508/
498,https://www.cian.ru/sale/flat/279712559/
499,https://www.cian.ru/sale/flat/296997188/
500,https://www.cian.ru/sale/flat/298147681/
501,https://www.cian.ru/sale/flat/297779661/
502,https://www.cian.ru/sale/flat/288221139/
503,https://www.cian.ru/sale/flat/293623772/
504,https://www.cian.ru/sale/flat/291690097/
505,https://www.cian.ru/sale/flat/296745481/
506,https://www.cian.ru/sale/flat/299262116/
507,https://www.cian.ru/sale/flat/297057445/
508,https://www.cian.ru/sale/flat/297244298/
509,https://www.cian.ru/sale/flat/298139152/
510,https://www.cian.ru/sale/flat/299676663/
511,https://www.cian.ru/sale/flat/298562622/
512,https://www.cian.ru/sale/flat/299370763/
513,https://www.cian.ru/sale/flat/296215620/
514,https://www.cian.ru/sale/flat/298002851/
515,https://www.cian.ru/sale/flat/293712667/
516,https://www.cian.ru/sale/flat/299226673/
517,https://www.cian.ru/sale/flat/298239496/
518,https://www.cian.ru/sale/flat/299793571/
519,https://www.cian.ru/sale/flat/292154065/
521,https://www.cian.ru/sale/flat/298401422/
522,https://www.cian.ru/sale/flat/279364520/
523,https://www.cian.ru/sale/flat/292154042/
524,https://www.cian.ru/sale/flat/298003595/
525,https://www.cian.ru/sale/flat/294675109/
526,https://www.cian.ru/sale/flat/298678059/
527,https://www.cian.ru/sale/flat/296745380/
530,https://www.cian.ru/sale/flat/296355168/
531,https://www.cian.ru/sale/flat/293812263/
533,https://www.cian.ru/sale/flat/294791601/
534,https://www.cian.ru/sale/flat/295013489/
535,https://www.cian.ru/sale/flat/299516902/
536,https://www.cian.ru/sale/flat/297983444/
537,https://www.cian.ru/sale/flat/298749233/
538,https://www.cian.ru/sale/flat/288750891/
539,https://www.cian.ru/sale/flat/299111054/
540,https://www.cian.ru/sale/flat/292187769/
541,https://www.cian.ru/sale/flat/296939927/
542,https://www.cian.ru/sale/flat/293711728/
544,https://www.cian.ru/sale/flat/299363920/
545,https://www.cian.ru/sale/flat/288141331/
546,https://www.cian.ru/sale/flat/299654860/
547,https://www.cian.ru/sale/flat/265606970/
548,https://www.cian.ru/sale/flat/299226192/
549,https://www.cian.ru/sale/flat/296263458/
550,https://www.cian.ru/sale/flat/297983452/
551,https://www.cian.ru/sale/flat/290752583/
553,https://www.cian.ru/sale/flat/270240488/
554,https://www.cian.ru/sale/flat/292035510/
556,https://www.cian.ru/sale/flat/292035505/
557,https://www.cian.ru/sale/flat/293711796/
558,https://www.cian.ru/sale/flat/298381829/
559,https://www.cian.ru/sale/flat/293204979/
560,https://www.cian.ru/sale/flat/292153358/
561,https://www.cian.ru/sale/flat/291960356/
562,https://www.cian.ru/sale/flat/293938241/
563,https://www.cian.ru/sale/flat/299468793/
564,https://www.cian.ru/sale/flat/298976840/
565,https://www.cian.ru/sale/flat/299102357/
566,https://www.cian.ru/sale/flat/297999736/
568,https://www.cian.ru/sale/flat/299521067/
569,https://www.cian.ru/sale/flat/263174492/
570,https://www.cian.ru/sale/flat/296007111/
571,https://www.cian.ru/sale/flat/297045724/
572,https://www.cian.ru/sale/flat/291962765/
573,https://www.cian.ru/sale/flat/293612862/
574,https://www.cian.ru/sale/flat/275396113/
575,https://www.cian.ru/sale/flat/298722980/
577,https://www.cian.ru/sale/flat/299244990/
578,https://www.cian.ru/sale/flat/295066345/
579,https://www.cian.ru/sale/flat/292153254/
580,https://www.cian.ru/sale/flat/288136854/
581,https://www.cian.ru/sale/flat/263171085/
582,https://www.cian.ru/sale/flat/299174089/
583,https://www.cian.ru/sale/flat/293204051/
584,https://www.cian.ru/sale/flat/296482751/
585,https://www.cian.ru/sale/flat/298147737/
586,https://www.cian.ru/sale/flat/296303056/
587,https://www.cian.ru/sale/flat/298041391/
589,https://www.cian.ru/sale/flat/299717440/
591,https://www.cian.ru/sale/flat/293742275/
592,https://www.cian.ru/sale/flat/296558480/
593,https://www.cian.ru/sale/flat/296390761/
594,https://www.cian.ru/sale/flat/297596611/
595,https://www.cian.ru/sale/flat/291360059/
597,https://www.cian.ru/sale/flat/298833706/
598,https://www.cian.ru/sale/flat/292391178/
599,https://www.cian.ru/sale/flat/200828608/
600,https://www.cian.ru/sale/flat/298882564/
601,https://www.cian.ru/sale/flat/292848569/
602,https://www.cian.ru/sale/flat/295061254/
603,https://www.cian.ru/sale/flat/299521322/
604,https://www.cian.ru/sale/flat/298516167/
605,https://www.cian.ru/sale/flat/298942364/
606,https://www.cian.ru/sale/flat/298476313/
607,https://www.cian.ru/sale/flat/298901369/
608,https://www.cian.ru/sale/flat/294074374/
609,https://www.cian.ru/sale/flat/298476279/
610,https://www.cian.ru/sale/flat/298169343/
611,https://www.cian.ru/sale/flat/298734227/
612,https://www.cian.ru/sale/flat/298463237/
613,https://www.cian.ru/sale/flat/298273992/
614,https://www.cian.ru/sale/flat/298623366/
615,https://www.cian.ru/sale/flat/298756742/
616,https://www.cian.ru/sale/flat/298901289/
617,https://www.cian.ru/sale/flat/299565898/
618,https://www.cian.ru/sale/flat/299525134/
619,https://www.cian.ru/sale/flat/299112316/
620,https://www.cian.ru/sale/flat/299473038/
621,https://www.cian.ru/sale/flat/298491260/
622,https://www.cian.ru/sale/flat/299589885/
623,https://www.cian.ru/sale/flat/294951052/
624,https://www.cian.ru/sale/flat/299611096/
625,https://www.cian.ru/sale/flat/298563825/
626,https://www.cian.ru/sale/flat/298675144/
627,https://www.cian.ru/sale/flat/298515949/
628,https://www.cian.ru/sale/flat/298463192/
629,https://www.cian.ru/sale/flat/299180334/
630,https://www.cian.ru/sale/flat/299792425/
631,https://www.cian.ru/sale/flat/299386382/
632,https://www.cian.ru/sale/flat/299744045/
633,https://www.cian.ru/sale/flat/298709399/
634,https://www.cian.ru/sale/flat/298435221/
635,https://www.cian.ru/sale/flat/298908774/
636,https://www.cian.ru/sale/flat/299599012/
637,https://www.cian.ru/sale/flat/299244395/
638,https://www.cian.ru/sale/flat/299183728/
639,https://www.cian.ru/sale/flat/298987390/
640,https://www.cian.ru/sale/flat/298563904/
641,https://www.cian.ru/sale/flat/298808068/
642,https://www.cian.ru/sale/flat/298990040/
643,https://www.cian.ru/sale/flat/299108049/
644,https://www.cian.ru/sale/flat/298733907/
645,https://www.cian.ru/sale/flat/298623314/
646,https://www.cian.ru/sale/flat/298346466/
647,https://www.cian.ru/sale/flat/299397196/
648,https://www.cian.ru/sale/flat/299506884/
649,https://www.cian.ru/sale/flat/298845427/
650,https://www.cian.ru/sale/flat/299463189/
651,https://www.cian.ru/sale/flat/299551044/
652,https://www.cian.ru/sale/flat/299498033/
653,https://www.cian.ru/sale/flat/299463203/
654,https://www.cian.ru/sale/flat/298784094/
655,https://www.cian.ru/sale/flat/299211678/
656,https://www.cian.ru/sale/flat/299484395/
657,https://www.cian.ru/sale/flat/298268572/
658,https://www.cian.ru/sale/flat/298463208/
659,https://www.cian.ru/sale/flat/298476117/
660,https://www.cian.ru/sale/flat/298805439/
661,https://www.cian.ru/sale/flat/299463231/
662,https://www.cian.ru/sale/flat/299238210/
663,https://www.cian.ru/sale/flat/299559511/
664,https://www.cian.ru/sale/flat/299032070/
665,https://www.cian.ru/sale/flat/299740791/
666,https://www.cian.ru/sale/flat/298524445/
667,https://www.cian.ru/sale/flat/297215041/
668,https://www.cian.ru/sale/flat/299174112/
669,https://www.cian.ru/sale/flat/298337971/
670,https://www.cian.ru/sale/flat/298873800/
671,https://www.cian.ru/sale/flat/287452617/
673,https://www.cian.ru/sale/flat/299344831/
674,https://www.cian.ru/sale/flat/298528608/
675,https://www.cian.ru/sale/flat/298623604/
676,https://www.cian.ru/sale/flat/293760838/
677,https://www.cian.ru/sale/flat/299254047/
678,https://www.cian.ru/sale/flat/298264733/
679,https://www.cian.ru/sale/flat/298623531/
680,https://www.cian.ru/sale/flat/299773840/
681,https://www.cian.ru/sale/flat/296667617/
682,https://www.cian.ru/sale/flat/298563946/
683,https://www.cian.ru/sale/flat/298169223/
684,https://www.cian.ru/sale/flat/298407613/
685,https://www.cian.ru/sale/flat/298682265/
686,https://www.cian.ru/sale/flat/298373520/
687,https://www.cian.ru/sale/flat/298544917/
688,https://www.cian.ru/sale/flat/299290246/
689,https://www.cian.ru/sale/flat/299674623/
690,https://www.cian.ru/sale/flat/298558254/
691,https://www.cian.ru/sale/flat/298205437/
692,https://www.cian.ru/sale/flat/296941008/
693,https://www.cian.ru/sale/flat/296325196/
694,https://www.cian.ru/sale/flat/298474072/
695,https://www.cian.ru/sale/flat/298488954/
696,https://www.cian.ru/sale/flat/299765471/
697,https://www.cian.ru/sale/flat/299643248/
698,https://www.cian.ru/sale/flat/299151784/
699,https://www.cian.ru/sale/flat/298488902/
700,https://www.cian.ru/sale/flat/296745560/
701,https://www.cian.ru/sale/flat/298418671/
702,https://www.cian.ru/sale/flat/288140773/
703,https://www.cian.ru/sale/flat/297078401/
704,https://www.cian.ru/sale/flat/299614898/
705,https://www.cian.ru/sale/flat/298463207/
706,https://www.cian.ru/sale/flat/297244299/
707,https://www.cian.ru/sale/flat/298002860/
708,https://www.cian.ru/sale/flat/295800676/
709,https://www.cian.ru/sale/flat/298841641/
710,https://www.cian.ru/sale/flat/295815833/
711,https://www.cian.ru/sale/flat/294275055/
712,https://www.cian.ru/sale/flat/299370762/
713,https://www.cian.ru/sale/flat/298373506/
714,https://www.cian.ru/sale/flat/292237966/
715,https://www.cian.ru/sale/flat/298264655/
716,https://www.cian.ru/sale/flat/297766719/
717,https://www.cian.ru/sale/flat/297950130/
718,https://www.cian.ru/sale/flat/298832189/
719,https://www.cian.ru/sale/flat/292328510/
720,https://www.cian.ru/sale/flat/298367691/
721,https://www.cian.ru/sale/flat/297157541/
722,https://www.cian.ru/sale/flat/295406435/
723,https://www.cian.ru/sale/flat/298508516/
724,https://www.cian.ru/sale/flat/297905217/
725,https://www.cian.ru/sale/flat/278751260/
726,https://www.cian.ru/sale/flat/299728149/
727,https://www.cian.ru/sale/flat/298112694/
728,https://www.cian.ru/sale/flat/299317024/
729,https://www.cian.ru/sale/flat/286383661/
730,https://www.cian.ru/sale/flat/299251673/
731,https://www.cian.ru/sale/flat/295985052/
732,https://www.cian.ru/sale/flat/294711038/
733,https://www.cian.ru/sale/flat/284196385/
734,https://www.cian.ru/sale/flat/297929292/
735,https://www.cian.ru/sale/flat/299754349/
736,https://www.cian.ru/sale/flat/299383091/
737,https://www.cian.ru/sale/flat/292127998/
738,https://www.cian.ru/sale/flat/298847431/
739,https://www.cian.ru/sale/flat/295853228/
740,https://www.cian.ru/sale/flat/299517592/
741,https://www.cian.ru/sale/flat/294805964/
742,https://www.cian.ru/sale/flat/293200687/
743,https://www.cian.ru/sale/flat/298004024/
744,https://www.cian.ru/sale/flat/291019005/
745,https://www.cian.ru/sale/flat/297359672/
746,https://www.cian.ru/sale/flat/294106848/
747,https://www.cian.ru/sale/flat/299380836/
748,https://www.cian.ru/sale/flat/297766672/
749,https://www.cian.ru/sale/flat/298835253/
750,https://www.cian.ru/sale/flat/295765507/
751,https://www.cian.ru/sale/flat/296357629/
752,https://www.cian.ru/sale/flat/286886778/
753,https://www.cian.ru/sale/flat/291531568/
754,https://www.cian.ru/sale/flat/294457758/
755,https://www.cian.ru/sale/flat/280116651/
756,https://www.cian.ru/sale/flat/288962979/
757,https://www.cian.ru/sale/flat/287503699/
758,https://www.cian.ru/sale/flat/299023692/
759,https://www.cian.ru/sale/flat/295013499/
760,https://www.cian.ru/sale/flat/297244301/
761,https://www.cian.ru/sale/flat/299370767/
762,https://www.cian.ru/sale/flat/299159238/
763,https://www.cian.ru/sale/flat/298566058/
764,https://www.cian.ru/sale/flat/289484121/
765,https://www.cian.ru/sale/flat/294045499/
766,https://www.cian.ru/sale/flat/292836626/
767,https://www.cian.ru/sale/flat/298267179/
768,https://www.cian.ru/sale/flat/297313101/
769,https://www.cian.ru/sale/flat/294553685/
770,https://www.cian.ru/sale/flat/299030528/
771,https://www.cian.ru/sale/flat/299565674/
772,https://www.cian.ru/sale/flat/290706192/
773,https://www.cian.ru/sale/flat/299735563/
774,https://www.cian.ru/sale/flat/291372165/
775,https://www.cian.ru/sale/flat/297109435/
776,https://www.cian.ru/sale/flat/299715415/
777,https://www.cian.ru/sale/flat/284452564/
778,https://www.cian.ru/sale/flat/298380308/
779,https://www.cian.ru/sale/flat/295361194/
780,https://www.cian.ru/sale/flat/296425720/
781,https://www.cian.ru/sale/flat/299562645/
782,https://www.cian.ru/sale/flat/296468286/
783,https://www.cian.ru/sale/flat/294770489/
784,https://www.cian.ru/sale/flat/299150043/
785,https://www.cian.ru/sale/flat/299151733/
786,https://www.cian.ru/sale/flat/279413208/
787,https://www.cian.ru/sale/flat/296112151/
788,https://www.cian.ru/sale/flat/298620907/
789,https://www.cian.ru/sale/flat/298000773/
790,https://www.cian.ru/sale/flat/297131630/
791,https://www.cian.ru/sale/flat/295096926/
792,https://www.cian.ru/sale/flat/292444828/
793,https://www.cian.ru/sale/flat/296202679/
794,https://www.cian.ru/sale/flat/297541364/
795,https://www.cian.ru/sale/flat/297729769/
796,https://www.cian.ru/sale/flat/299342129/
797,https://www.cian.ru/sale/flat/298001234/
798,https://www.cian.ru/sale/flat/299226825/
799,https://www.cian.ru/sale/flat/299414368/
800,https://www.cian.ru/sale/flat/276634299/
801,https://www.cian.ru/sale/flat/299015123/
802,https://www.cian.ru/sale/flat/299509098/
803,https://www.cian.ru/sale/flat/296485790/
804,https://www.cian.ru/sale/flat/298871390/
805,https://www.cian.ru/sale/flat/298393927/
806,https://www.cian.ru/sale/flat/296358012/
807,https://www.cian.ru/sale/flat/298871477/
808,https://www.cian.ru/sale/flat/298002902/
809,https://www.cian.ru/sale/flat/299159215/
810,https://www.cian.ru/sale/flat/299498856/
811,https://www.cian.ru/sale/flat/298825149/
812,https://www.cian.ru/sale/flat/293615015/
813,https://www.cian.ru/sale/flat/294787665/
814,https://www.cian.ru/sale/flat/299781464/
815,https://www.cian.ru/sale/flat/298169845/
816,https://www.cian.ru/sale/flat/299287372/
817,https://www.cian.ru/sale/flat/271161264/
818,https://www.cian.ru/sale/flat/299379115/
819,https://www.cian.ru/sale/flat/297307585/
820,https://www.cian.ru/sale/flat/293712605/
821,https://www.cian.ru/sale/flat/296358163/
822,https://www.cian.ru/sale/flat/286250361/
823,https://www.cian.ru/sale/flat/298334699/
825,https://www.cian.ru/sale/flat/299561961/
826,https://www.cian.ru/sale/flat/297366232/
827,https://www.cian.ru/sale/flat/299795999/
828,https://www.cian.ru/sale/flat/291445703/
829,https://www.cian.ru/sale/flat/298735155/
830,https://www.cian.ru/sale/flat/297946881/
831,https://www.cian.ru/sale/flat/296195763/
832,https://www.cian.ru/sale/flat/297039409/
833,https://www.cian.ru/sale/flat/297234220/
834,https://www.cian.ru/sale/flat/279147988/
835,https://www.cian.ru/sale/flat/284759259/
836,https://www.cian.ru/sale/flat/295229143/
837,https://www.cian.ru/sale/flat/297267210/
838,https://www.cian.ru/sale/flat/298482969/
839,https://www.cian.ru/sale/flat/289388952/
840,https://www.cian.ru/sale/flat/279231888/
841,https://www.cian.ru/sale/flat/299551742/
842,https://www.cian.ru/sale/flat/297049230/
844,https://www.cian.ru/sale/flat/296875348/
845,https://www.cian.ru/sale/flat/298006499/
846,https://www.cian.ru/sale/flat/299639939/
847,https://www.cian.ru/sale/flat/299722812/
848,https://www.cian.ru/sale/flat/299093089/
849,https://www.cian.ru/sale/flat/287686259/
850,https://www.cian.ru/sale/flat/292243588/
851,https://www.cian.ru/sale/flat/299150580/
852,https://www.cian.ru/sale/flat/287684699/
853,https://www.cian.ru/sale/flat/287713870/
854,https://www.cian.ru/sale/flat/288716778/
855,https://www.cian.ru/sale/flat/288717978/
856,https://www.cian.ru/sale/flat/292243163/
857,https://www.cian.ru/sale/flat/292244114/
858,https://www.cian.ru/sale/flat/299292596/
860,https://www.cian.ru/sale/flat/297235267/
861,https://www.cian.ru/sale/flat/298335221/
862,https://www.cian.ru/sale/flat/297172385/
863,https://www.cian.ru/sale/flat/283967307/
864,https://www.cian.ru/sale/flat/299717403/
865,https://www.cian.ru/sale/flat/291972109/
866,https://www.cian.ru/sale/flat/294005129/
867,https://www.cian.ru/sale/flat/299604874/
869,https://www.cian.ru/sale/flat/298948347/
870,https://www.cian.ru/sale/flat/299302315/
871,https://www.cian.ru/sale/flat/292482217/
872,https://www.cian.ru/sale/flat/297303079/
873,https://www.cian.ru/sale/flat/299489092/
874,https://www.cian.ru/sale/flat/299226538/
875,https://www.cian.ru/sale/flat/299528147/
876,https://www.cian.ru/sale/flat/294584631/
877,https://www.cian.ru/sale/flat/298576219/
878,https://www.cian.ru/sale/flat/297948203/
879,https://www.cian.ru/sale/flat/298983950/
880,https://www.cian.ru/sale/flat/299566216/
881,https://www.cian.ru/sale/flat/291515202/
882,https://www.cian.ru/sale/flat/291425217/
883,https://www.cian.ru/sale/flat/292444827/
884,https://www.cian.ru/sale/flat/298021922/
885,https://www.cian.ru/sale/flat/299364230/
886,https://www.cian.ru/sale/flat/296357815/
887,https://www.cian.ru/sale/flat/299009981/
889,https://www.cian.ru/sale/flat/295093036/
890,https://www.cian.ru/sale/flat/298378184/
891,https://www.cian.ru/sale/flat/299813378/
892,https://www.cian.ru/sale/flat/299121976/
893,https://www.cian.ru/sale/flat/294265604/
894,https://www.cian.ru/sale/flat/296779510/
895,https://www.cian.ru/sale/flat/298898581/
896,https://www.cian.ru/sale/flat/297177679/
897,https://www.cian.ru/sale/flat/298967796/
898,https://www.cian.ru/sale/flat/293808830/
899,https://www.cian.ru/sale/flat/294361246/
900,https://www.cian.ru/sale/flat/296057770/
901,https://www.cian.ru/sale/flat/296478021/
902,https://www.cian.ru/sale/flat/289028265/
903,https://www.cian.ru/sale/flat/297912415/
904,https://www.cian.ru/sale/flat/291161856/
905,https://www.cian.ru/sale/flat/297078884/
906,https://www.cian.ru/sale/flat/299710231/
907,https://www.cian.ru/sale/flat/294657110/
908,https://www.cian.ru/sale/flat/236960194/
909,https://www.cian.ru/sale/flat/298678670/
910,https://www.cian.ru/sale/flat/295365005/
911,https://www.cian.ru/sale/flat/298828114/
912,https://www.cian.ru/sale/flat/296358141/
914,https://www.cian.ru/sale/flat/296640277/
915,https://www.cian.ru/sale/flat/298730763/
916,https://www.cian.ru/sale/flat/299566213/
917,https://www.cian.ru/sale/flat/297879693/
918,https://www.cian.ru/sale/flat/290825191/
919,https://www.cian.ru/sale/flat/299720591/
920,https://www.cian.ru/sale/flat/272037601/
921,https://www.cian.ru/sale/flat/297313098/
922,https://www.cian.ru/sale/flat/299181170/
923,https://www.cian.ru/sale/flat/293036014/
924,https://www.cian.ru/sale/flat/289898893/
925,https://www.cian.ru/sale/flat/288307714/
926,https://www.cian.ru/sale/flat/297087850/
927,https://www.cian.ru/sale/flat/299460753/
928,https://www.cian.ru/sale/flat/285498334/
929,https://www.cian.ru/sale/flat/279461340/
930,https://www.cian.ru/sale/flat/290726832/
931,https://www.cian.ru/sale/flat/298534721/
932,https://www.cian.ru/sale/flat/292714520/
933,https://www.cian.ru/sale/flat/289915708/
934,https://www.cian.ru/sale/flat/296135859/
935,https://www.cian.ru/sale/flat/295328712/
936,https://www.cian.ru/sale/flat/299784693/
937,https://www.cian.ru/sale/flat/275372721/
938,https://www.cian.ru/sale/flat/299384195/
939,https://www.cian.ru/sale/flat/299526153/
940,https://www.cian.ru/sale/flat/295673269/
941,https://www.cian.ru/sale/flat/297989360/
942,https://www.cian.ru/sale/flat/298368075/
943,https://www.cian.ru/sale/flat/293666231/
944,https://www.cian.ru/sale/flat/287929947/
945,https://www.cian.ru/sale/flat/291903075/
946,https://www.cian.ru/sale/flat/298212189/
947,https://www.cian.ru/sale/flat/299379194/
948,https://www.cian.ru/sale/flat/298055159/
949,https://www.cian.ru/sale/flat/293285418/
950,https://www.cian.ru/sale/flat/298055145/
951,https://www.cian.ru/sale/flat/297486676/
1064,https://www.cian.ru/sale/flat/298650795/
1065,https://www.cian.ru/sale/flat/299464138/
1066,https://www.cian.ru/sale/flat/297577752/
1067,https://www.cian.ru/sale/flat/285554427/
1068,https://www.cian.ru/sale/flat/291967807/
1069,https://www.cian.ru/sale/flat/276637789/
1070,https://www.cian.ru/sale/flat/293717851/
1071,https://www.cian.ru/sale/flat/289514736/
1072,https://www.cian.ru/sale/flat/294563230/
1073,https://www.cian.ru/sale/flat/298986006/
1074,https://www.cian.ru/sale/flat/291636518/
1076,https://www.cian.ru/sale/flat/297983490/
1077,https://www.cian.ru/sale/flat/298328896/
1078,https://www.cian.ru/sale/flat/299521518/
1079,https://www.cian.ru/sale/flat/298006396/
1080,https://www.cian.ru/sale/flat/297949006/
1081,https://www.cian.ru/sale/flat/294819984/
1082,https://www.cian.ru/sale/flat/296723055/
1083,https://www.cian.ru/sale/flat/298642631/
1084,https://www.cian.ru/sale/flat/296749844/
1085,https://www.cian.ru/sale/flat/290001136/
1086,https://www.cian.ru/sale/flat/299066809/
1087,https://www.cian.ru/sale/flat/299563562/
1088,https://www.cian.ru/sale/flat/294734371/
1089,https://www.cian.ru/sale/flat/295609220/
1090,https://www.cian.ru/sale/flat/296960957/
1091,https://www.cian.ru/sale/flat/297729776/
1092,https://www.cian.ru/sale/flat/293664935/
1093,https://www.cian.ru/sale/flat/295763434/
1094,https://www.cian.ru/sale/flat/284054916/
1095,https://www.cian.ru/sale/flat/298876203/
1096,https://www.cian.ru/sale/flat/294901179/
1097,https://www.cian.ru/sale/flat/299654694/
1098,https://www.cian.ru/sale/flat/293007285/
1099,https://www.cian.ru/sale/flat/299350568/
1101,https://www.cian.ru/sale/flat/298994819/
1102,https://www.cian.ru/sale/flat/286250524/
1103,https://www.cian.ru/sale/flat/298576239/
1104,https://www.cian.ru/sale/flat/297764809/
1105,https://www.cian.ru/sale/flat/299723192/
1106,https://www.cian.ru/sale/flat/298998407/
1107,https://www.cian.ru/sale/flat/279700621/
1108,https://www.cian.ru/sale/flat/299169737/
1109,https://www.cian.ru/sale/flat/294226335/
1110,https://www.cian.ru/sale/flat/295772903/
1111,https://www.cian.ru/sale/flat/288080150/
1112,https://www.cian.ru/sale/flat/299532841/
1113,https://www.cian.ru/sale/flat/296663355/
1114,https://www.cian.ru/sale/flat/293982392/
1115,https://www.cian.ru/sale/flat/299249837/
1116,https://www.cian.ru/sale/flat/295152257/
1117,https://www.cian.ru/sale/flat/295152325/
1118,https://www.cian.ru/sale/flat/298655602/
1119,https://www.cian.ru/sale/flat/299542495/
1120,https://www.cian.ru/sale/flat/298591557/
1121,https://www.cian.ru/sale/flat/298285355/
1122,https://www.cian.ru/sale/flat/297644329/
1123,https://www.cian.ru/sale/flat/298562388/
1124,https://www.cian.ru/sale/flat/296523633/
1125,https://www.cian.ru/sale/flat/293285432/
1126,https://www.cian.ru/sale/flat/299489093/
1127,https://www.cian.ru/sale/flat/298044406/
1128,https://www.cian.ru/sale/flat/288458852/
1129,https://www.cian.ru/sale/flat/293204010/
1130,https://www.cian.ru/sale/flat/298845701/
1131,https://www.cian.ru/sale/flat/274593955/
1132,https://www.cian.ru/sale/flat/295983268/
1133,https://www.cian.ru/sale/flat/299828107/
1134,https://www.cian.ru/sale/flat/293169316/
1135,https://www.cian.ru/sale/flat/299765615/
1136,https://www.cian.ru/sale/flat/294915202/
1137,https://www.cian.ru/sale/flat/298199088/
1138,https://www.cian.ru/sale/flat/291962439/
1139,https://www.cian.ru/sale/flat/291962442/
1140,https://www.cian.ru/sale/flat/299163682/
1141,https://www.cian.ru/sale/flat/298476765/
1142,https://www.cian.ru/sale/flat/297469215/
1143,https://www.cian.ru/sale/flat/294261531/
1144,https://www.cian.ru/sale/flat/294462390/
1145,https://www.cian.ru/sale/flat/296084770/
1146,https://www.cian.ru/sale/flat/299094240/
1147,https://www.cian.ru/sale/flat/299190626/
1148,https://www.cian.ru/sale/flat/295749975/
1149,https://www.cian.ru/sale/flat/296565365/
1150,https://www.cian.ru/sale/flat/289779282/
1151,https://www.cian.ru/sale/flat/296118208/
1152,https://www.cian.ru/sale/flat/296202962/
1153,https://www.cian.ru/sale/flat/297857098/
1154,https://www.cian.ru/sale/flat/289915709/
1155,https://www.cian.ru/sale/flat/299727459/
1156,https://www.cian.ru/sale/flat/292807649/
1157,https://www.cian.ru/sale/flat/296226599/
1158,https://www.cian.ru/sale/flat/296364963/
1160,https://www.cian.ru/sale/flat/293202023/
1161,https://www.cian.ru/sale/flat/298051282/
1162,https://www.cian.ru/sale/flat/298378867/
1163,https://www.cian.ru/sale/flat/298944734/
1164,https://www.cian.ru/sale/flat/296064943/
1165,https://www.cian.ru/sale/flat/296937637/
1166,https://www.cian.ru/sale/flat/297903181/
1167,https://www.cian.ru/sale/flat/289733284/
1168,https://www.cian.ru/sale/flat/285243200/
1169,https://www.cian.ru/sale/flat/293888101/
1170,https://www.cian.ru/sale/flat/297550310/
1171,https://www.cian.ru/sale/flat/297946122/
1172,https://www.cian.ru/sale/flat/298786229/
1173,https://www.cian.ru/sale/flat/299275946/
1174,https://www.cian.ru/sale/flat/299390122/
1175,https://www.cian.ru/sale/flat/295416267/
1176,https://www.cian.ru/sale/flat/299317384/
1177,https://www.cian.ru/sale/flat/298222238/
1178,https://www.cian.ru/sale/flat/294584754/
1179,https://www.cian.ru/sale/flat/299469356/
1180,https://www.cian.ru/sale/flat/298004713/
1181,https://www.cian.ru/sale/flat/295765515/
1182,https://www.cian.ru/sale/flat/299069947/
1183,https://www.cian.ru/sale/flat/293906419/
1184,https://www.cian.ru/sale/flat/299036391/
1185,https://www.cian.ru/sale/flat/299251936/
1186,https://www.cian.ru/sale/flat/299795791/
1188,https://www.cian.ru/sale/flat/298565482/
1189,https://www.cian.ru/sale/flat/299245154/
1190,https://www.cian.ru/sale/flat/297399941/
1191,https://www.cian.ru/sale/flat/294558930/
1192,https://www.cian.ru/sale/flat/296640089/
1193,https://www.cian.ru/sale/flat/299284391/
1194,https://www.cian.ru/sale/flat/294965189/
1195,https://www.cian.ru/sale/flat/298324265/
1196,https://www.cian.ru/sale/flat/298140403/
1197,https://www.cian.ru/sale/flat/293762627/
1198,https://www.cian.ru/sale/flat/299030066/
1199,https://www.cian.ru/sale/flat/296782755/
1201,https://www.cian.ru/sale/flat/298844873/
1202,https://www.cian.ru/sale/flat/299247397/
1203,https://www.cian.ru/sale/flat/298367854/
1204,https://www.cian.ru/sale/flat/296835523/
1205,https://www.cian.ru/sale/flat/299245228/
1206,https://www.cian.ru/sale/flat/284611229/
1207,https://www.cian.ru/sale/flat/295650810/
1208,https://www.cian.ru/sale/flat/228935891/
1209,https://www.cian.ru/sale/flat/297051550/
1210,https://www.cian.ru/sale/flat/295831780/
1211,https://www.cian.ru/sale/flat/297989174/
1213,https://www.cian.ru/sale/flat/297071954/
1214,https://www.cian.ru/sale/flat/298103433/
1215,https://www.cian.ru/sale/flat/299830849/
1216,https://www.cian.ru/sale/flat/299727732/
1217,https://www.cian.ru/sale/flat/293905913/
1218,https://www.cian.ru/sale/flat/299603765/
1219,https://www.cian.ru/sale/flat/299238351/
1220,https://www.cian.ru/sale/flat/297624203/
1221,https://www.cian.ru/sale/flat/295817937/
1222,https://www.cian.ru/sale/flat/298566288/
1223,https://www.cian.ru/sale/flat/292583669/
1224,https://www.cian.ru/sale/flat/279836476/
1225,https://www.cian.ru/sale/flat/294613639/
1226,https://www.cian.ru/sale/flat/298678669/
1227,https://www.cian.ru/sale/flat/292948086/
1228,https://www.cian.ru/sale/flat/299341037/
1229,https://www.cian.ru/sale/flat/297947676/
1230,https://www.cian.ru/sale/flat/292770296/
1231,https://www.cian.ru/sale/flat/295407390/
1232,https://www.cian.ru/sale/flat/292274885/
1233,https://www.cian.ru/sale/flat/294159490/
1234,https://www.cian.ru/sale/flat/295885244/
1235,https://www.cian.ru/sale/flat/297710861/
1236,https://www.cian.ru/sale/flat/298557542/
1237,https://www.cian.ru/sale/flat/298414628/
1238,https://www.cian.ru/sale/flat/298328663/
1239,https://www.cian.ru/sale/flat/299708440/
1240,https://www.cian.ru/sale/flat/294768332/
1241,https://www.cian.ru/sale/flat/298328750/
1242,https://www.cian.ru/sale/flat/285042085/
1243,https://www.cian.ru/sale/flat/297989341/
1244,https://www.cian.ru/sale/flat/293376193/
1245,https://www.cian.ru/sale/flat/286780637/
1246,https://www.cian.ru/sale/flat/275952373/
1247,https://www.cian.ru/sale/flat/297850673/
1248,https://www.cian.ru/sale/flat/299017342/
1249,https://www.cian.ru/sale/flat/296325203/
1250,https://www.cian.ru/sale/flat/297669808/
1251,https://www.cian.ru/sale/flat/298017635/
1252,https://www.cian.ru/sale/flat/297085754/
1253,https://www.cian.ru/sale/flat/297584941/
1254,https://www.cian.ru/sale/flat/299249217/
1255,https://www.cian.ru/sale/flat/299066811/
1256,https://www.cian.ru/sale/flat/297825979/
1257,https://www.cian.ru/sale/flat/298534723/
1258,https://www.cian.ru/sale/flat/296485274/
1259,https://www.cian.ru/sale/flat/298534726/
1260,https://www.cian.ru/sale/flat/298381402/
1261,https://www.cian.ru/sale/flat/290429304/
1262,https://www.cian.ru/sale/flat/299305857/
1263,https://www.cian.ru/sale/flat/299169888/
1264,https://www.cian.ru/sale/flat/299521451/
1265,https://www.cian.ru/sale/flat/299382102/
1266,https://www.cian.ru/sale/flat/299742141/
1267,https://www.cian.ru/sale/flat/273384095/
1268,https://www.cian.ru/sale/flat/299253252/
1269,https://www.cian.ru/sale/flat/296427507/
1270,https://www.cian.ru/sale/flat/299066780/
1271,https://www.cian.ru/sale/flat/299421229/
1272,https://www.cian.ru/sale/flat/299722184/
1273,https://www.cian.ru/sale/flat/299651522/
1274,https://www.cian.ru/sale/flat/299639743/
1275,https://www.cian.ru/sale/flat/299112516/
1276,https://www.cian.ru/sale/flat/285604501/
1277,https://www.cian.ru/sale/flat/297325999/
1278,https://www.cian.ru/sale/flat/295803481/
1279,https://www.cian.ru/sale/flat/298945689/
1280,https://www.cian.ru/sale/flat/289296007/
1281,https://www.cian.ru/sale/flat/295392025/
1282,https://www.cian.ru/sale/flat/248655661/
1283,https://www.cian.ru/sale/flat/298270504/
1284,https://www.cian.ru/sale/flat/299067800/
1285,https://www.cian.ru/sale/flat/292425759/
1286,https://www.cian.ru/sale/flat/299163491/
1287,https://www.cian.ru/sale/flat/298364306/
1288,https://www.cian.ru/sale/flat/294051481/
1289,https://www.cian.ru/sale/flat/278630649/
1290,https://www.cian.ru/sale/flat/285799325/
1291,https://www.cian.ru/sale/flat/297053129/
1292,https://www.cian.ru/sale/flat/281889962/
1293,https://www.cian.ru/sale/flat/297250665/
1294,https://www.cian.ru/sale/flat/298844162/
1295,https://www.cian.ru/sale/flat/299525252/
1296,https://www.cian.ru/sale/flat/299783293/
1297,https://www.cian.ru/sale/flat/298255599/
1298,https://www.cian.ru/sale/flat/298643347/
1299,https://www.cian.ru/sale/flat/297054896/
1300,https://www.cian.ru/sale/flat/294819847/
1301,https://www.cian.ru/sale/flat/298557008/
1302,https://www.cian.ru/sale/flat/299129928/
1303,https://www.cian.ru/sale/flat/294896278/
1304,https://www.cian.ru/sale/flat/284613296/
1305,https://www.cian.ru/sale/flat/293990998/
1306,https://www.cian.ru/sale/flat/297117691/
1307,https://www.cian.ru/sale/flat/297033057/
1308,https://www.cian.ru/sale/flat/294615058/
1309,https://www.cian.ru/sale/flat/290013051/
1310,https://www.cian.ru/sale/flat/295719440/
1311,https://www.cian.ru/sale/flat/291733595/
1312,https://www.cian.ru/sale/flat/299245859/
1313,https://www.cian.ru/sale/flat/294465896/
1314,https://www.cian.ru/sale/flat/288319061/
1315,https://www.cian.ru/sale/flat/298499782/
1316,https://www.cian.ru/sale/flat/299474737/
1317,https://www.cian.ru/sale/flat/295916354/
1318,https://www.cian.ru/sale/flat/299156159/
1319,https://www.cian.ru/sale/flat/297685699/
1320,https://www.cian.ru/sale/flat/297872122/
1321,https://www.cian.ru/sale/flat/290979265/
1322,https://www.cian.ru/sale/flat/299644233/
1323,https://www.cian.ru/sale/flat/293040283/
1324,https://www.cian.ru/sale/flat/293623776/
1325,https://www.cian.ru/sale/flat/299575212/
1326,https://www.cian.ru/sale/flat/299242354/
1327,https://www.cian.ru/sale/flat/299313168/
1328,https://www.cian.ru/sale/flat/299529924/
1329,https://www.cian.ru/sale/flat/293752091/
1330,https://www.cian.ru/sale/flat/292414471/
1331,https://www.cian.ru/sale/flat/295933573/
1332,https://www.cian.ru/sale/flat/289246339/
1333,https://www.cian.ru/sale/flat/294168158/
1334,https://www.cian.ru/sale/flat/290380706/
1335,https://www.cian.ru/sale/flat/294522033/
1336,https://www.cian.ru/sale/flat/292766301/
1337,https://www.cian.ru/sale/flat/298826487/
1338,https://www.cian.ru/sale/flat/290542417/
1339,https://www.cian.ru/sale/flat/292755587/
1340,https://www.cian.ru/sale/flat/292805935/
1341,https://www.cian.ru/sale/flat/294031986/
1342,https://www.cian.ru/sale/flat/299373585/
1343,https://www.cian.ru/sale/flat/298921121/
1344,https://www.cian.ru/sale/flat/295848895/
1345,https://www.cian.ru/sale/flat/292581245/
1346,https://www.cian.ru/sale/flat/291161840/
1347,https://www.cian.ru/sale/flat/297379328/
1348,https://www.cian.ru/sale/flat/293804020/
1349,https://www.cian.ru/sale/flat/294819733/
1350,https://www.cian.ru/sale/flat/299799197/
1351,https://www.cian.ru/sale/flat/298045446/
1352,https://www.cian.ru/sale/flat/296222973/
1353,https://www.cian.ru/sale/flat/295612021/
1354,https://www.cian.ru/sale/flat/298158342/
1355,https://www.cian.ru/sale/flat/296857564/
1356,https://www.cian.ru/sale/flat/284339101/
1357,https://www.cian.ru/sale/flat/294741490/
1358,https://www.cian.ru/sale/flat/299243580/
1359,https://www.cian.ru/sale/flat/295844589/
1360,https://www.cian.ru/sale/flat/297307916/
1361,https://www.cian.ru/sale/flat/295271852/
1362,https://www.cian.ru/sale/flat/293498604/
1363,https://www.cian.ru/sale/flat/293035476/
1364,https://www.cian.ru/sale/flat/294031984/
1365,https://www.cian.ru/sale/flat/294308847/
1366,https://www.cian.ru/sale/flat/297960461/
1367,https://www.cian.ru/sale/flat/299059777/
1368,https://www.cian.ru/sale/flat/297717055/
1369,https://www.cian.ru/sale/flat/298148100/
1370,https://www.cian.ru/sale/flat/297898136/
1371,https://www.cian.ru/sale/flat/297047824/
1372,https://www.cian.ru/sale/flat/299439805/
1373,https://www.cian.ru/sale/flat/297779613/
1374,https://www.cian.ru/sale/flat/298680911/
1375,https://www.cian.ru/sale/flat/292026458/
1376,https://www.cian.ru/sale/flat/298642924/
1377,https://www.cian.ru/sale/flat/293736430/
1378,https://www.cian.ru/sale/flat/295278349/
1379,https://www.cian.ru/sale/flat/297583071/
1380,https://www.cian.ru/sale/flat/299268421/
1381,https://www.cian.ru/sale/flat/279058234/
1382,https://www.cian.ru/sale/flat/292672367/
1383,https://www.cian.ru/sale/flat/292330245/
1384,https://www.cian.ru/sale/flat/285097400/
1385,https://www.cian.ru/sale/flat/291956717/
1386,https://www.cian.ru/sale/flat/295280382/
1387,https://www.cian.ru/sale/flat/299159224/
1388,https://www.cian.ru/sale/flat/277616861/
1389,https://www.cian.ru/sale/flat/298802945/
1390,https://www.cian.ru/sale/flat/296784846/
1391,https://www.cian.ru/sale/flat/294374478/
1392,https://www.cian.ru/sale/flat/288663587/
1393,https://www.cian.ru/sale/flat/291161864/
1394,https://www.cian.ru/sale/flat/288461588/
1395,https://www.cian.ru/sale/flat/298909594/
1396,https://www.cian.ru/sale/flat/286239370/
1397,https://www.cian.ru/sale/flat/293717850/
1398,https://www.cian.ru/sale/flat/299030177/
1399,https://www.cian.ru/sale/flat/288175070/
1401,https://www.cian.ru/sale/flat/299638046/
1402,https://www.cian.ru/sale/flat/298391819/
1403,https://www.cian.ru/sale/flat/299292646/
1404,https://www.cian.ru/sale/flat/299783588/
1405,https://www.cian.ru/sale/flat/293203379/
1406,https://www.cian.ru/sale/flat/296136248/
1407,https://www.cian.ru/sale/flat/293203984/
1408,https://www.cian.ru/sale/flat/286258865/
1409,https://www.cian.ru/sale/flat/287069241/
1410,https://www.cian.ru/sale/flat/296263461/
1411,https://www.cian.ru/sale/flat/292226828/
1412,https://www.cian.ru/sale/flat/293058838/
1413,https://www.cian.ru/sale/flat/298749234/
1414,https://www.cian.ru/sale/flat/296690119/
1415,https://www.cian.ru/sale/flat/297581431/
1416,https://www.cian.ru/sale/flat/298529940/
1417,https://www.cian.ru/sale/flat/295729701/
1418,https://www.cian.ru/sale/flat/299435017/
1419,https://www.cian.ru/sale/flat/299059642/
1420,https://www.cian.ru/sale/flat/298867804/
1421,https://www.cian.ru/sale/flat/297549619/
1422,https://www.cian.ru/sale/flat/298655664/
1423,https://www.cian.ru/sale/flat/294607904/
1424,https://www.cian.ru/sale/flat/299241005/
1425,https://www.cian.ru/sale/flat/289779283/
1426,https://www.cian.ru/sale/flat/296646866/
1427,https://www.cian.ru/sale/flat/291682165/
1428,https://www.cian.ru/sale/flat/299057508/
1429,https://www.cian.ru/sale/flat/296840691/
1430,https://www.cian.ru/sale/flat/298002956/
1431,https://www.cian.ru/sale/flat/298002950/
1432,https://www.cian.ru/sale/flat/297846533/
1433,https://www.cian.ru/sale/flat/299237497/
1434,https://www.cian.ru/sale/flat/281705865/
1435,https://www.cian.ru/sale/flat/298969634/
1436,https://www.cian.ru/sale/flat/288533847/
1437,https://www.cian.ru/sale/flat/297114932/
1438,https://www.cian.ru/sale/flat/278927183/
1439,https://www.cian.ru/sale/flat/297827504/
1440,https://www.cian.ru/sale/flat/299089525/
1441,https://www.cian.ru/sale/flat/298825074/
1442,https://www.cian.ru/sale/flat/297587036/
1443,https://www.cian.ru/sale/flat/294029718/
1444,https://www.cian.ru/sale/flat/298050405/
1445,https://www.cian.ru/sale/flat/297423705/
1446,https://www.cian.ru/sale/flat/297588419/
1447,https://www.cian.ru/sale/flat/286393920/
1448,https://www.cian.ru/sale/flat/295326841/
1449,https://www.cian.ru/sale/flat/291733228/
1450,https://www.cian.ru/sale/flat/295332112/
1451,https://www.cian.ru/sale/flat/299690994/
1452,https://www.cian.ru/sale/flat/297419149/
1453,https://www.cian.ru/sale/flat/299380816/
1454,https://www.cian.ru/sale/flat/294824575/
1455,https://www.cian.ru/sale/flat/297855440/
1456,https://www.cian.ru/sale/flat/290532618/
1457,https://www.cian.ru/sale/flat/288318449/
1458,https://www.cian.ru/sale/flat/292247013/
1459,https://www.cian.ru/sale/flat/285224783/
1460,https://www.cian.ru/sale/flat/292673794/
1461,https://www.cian.ru/sale/flat/299347935/
1462,https://www.cian.ru/sale/flat/298432375/
1463,https://www.cian.ru/sale/flat/299200193/
1464,https://www.cian.ru/sale/flat/298737355/
1465,https://www.cian.ru/sale/flat/297606147/
1466,https://www.cian.ru/sale/flat/299567093/
1467,https://www.cian.ru/sale/flat/299478114/
1468,https://www.cian.ru/sale/flat/296116887/
1469,https://www.cian.ru/sale/flat/299562302/
1470,https://www.cian.ru/sale/flat/298559227/
1471,https://www.cian.ru/sale/flat/298754190/
1472,https://www.cian.ru/sale/flat/299784700/
1473,https://www.cian.ru/sale/flat/293088942/
1474,https://www.cian.ru/sale/flat/284806741/
1475,https://www.cian.ru/sale/flat/297721154/
1476,https://www.cian.ru/sale/flat/297455538/
1477,https://www.cian.ru/sale/flat/292017256/
1478,https://www.cian.ru/sale/flat/299588498/
1479,https://www.cian.ru/sale/flat/296833884/
1480,https://www.cian.ru/sale/flat/298367314/
1481,https://www.cian.ru/sale/flat/294090489/
1482,https://www.cian.ru/sale/flat/298606506/
1483,https://www.cian.ru/sale/flat/297085772/
1485,https://www.cian.ru/sale/flat/291065393/
1486,https://www.cian.ru/sale/flat/299418798/
1487,https://www.cian.ru/sale/flat/295395551/
1488,https://www.cian.ru/sale/flat/291208106/
1489,https://www.cian.ru/sale/flat/297615874/
1490,https://www.cian.ru/sale/flat/295440852/
1491,https://www.cian.ru/sale/flat/296156522/
1492,https://www.cian.ru/sale/flat/295203875/
1493,https://www.cian.ru/sale/flat/297502940/
1494,https://www.cian.ru/sale/flat/298214249/
1495,https://www.cian.ru/sale/flat/293819914/
1496,https://www.cian.ru/sale/flat/299785581/
1497,https://www.cian.ru/sale/flat/299389518/
1498,https://www.cian.ru/sale/flat/293741013/
1499,https://www.cian.ru/sale/flat/299383691/
1500,https://www.cian.ru/sale/flat/299334522/
1501,https://www.cian.ru/sale/flat/293084664/
1502,https://www.cian.ru/sale/flat/298657021/
1503,https://www.cian.ru/sale/flat/298141667/
1504,https://www.cian.ru/sale/flat/296114284/
1505,https://www.cian.ru/sale/flat/299330349/
1506,https://www.cian.ru/sale/flat/295295358/
1507,https://www.cian.ru/sale/flat/293750379/
1508,https://www.cian.ru/sale/flat/291415720/
1509,https://www.cian.ru/sale/flat/299097439/
1510,https://www.cian.ru/sale/flat/294593364/
1511,https://www.cian.ru/sale/flat/299321806/
1512,https://www.cian.ru/sale/flat/294763387/
1513,https://www.cian.ru/sale/flat/295795097/
1514,https://www.cian.ru/sale/flat/296512286/
1515,https://www.cian.ru/sale/flat/287872316/
1516,https://www.cian.ru/sale/flat/298002847/
1517,https://www.cian.ru/sale/flat/293202728/
1518,https://www.cian.ru/sale/flat/295284328/
1519,https://www.cian.ru/sale/flat/299226231/
1520,https://www.cian.ru/sale/flat/299434812/
1521,https://www.cian.ru/sale/flat/295088993/
1522,https://www.cian.ru/sale/flat/296361605/
1523,https://www.cian.ru/sale/flat/291448184/
1524,https://www.cian.ru/sale/flat/294369065/
1525,https://www.cian.ru/sale/flat/295901911/
1526,https://www.cian.ru/sale/flat/297089048/
1527,https://www.cian.ru/sale/flat/299736452/
1528,https://www.cian.ru/sale/flat/298865787/
1529,https://www.cian.ru/sale/flat/297470849/
1530,https://www.cian.ru/sale/flat/296085418/
1531,https://www.cian.ru/sale/flat/293456282/
1532,https://www.cian.ru/sale/flat/289899682/
1533,https://www.cian.ru/sale/flat/297312074/
1534,https://www.cian.ru/sale/flat/295131516/
1535,https://www.cian.ru/sale/flat/297960100/
1536,https://www.cian.ru/sale/flat/295153945/
1537,https://www.cian.ru/sale/flat/275039300/
1538,https://www.cian.ru/sale/flat/291487045/
1539,https://www.cian.ru/sale/flat/285996127/
1541,https://www.cian.ru/sale/flat/294565031/
1542,https://www.cian.ru/sale/flat/297831958/
1543,https://www.cian.ru/sale/flat/295326123/
1544,https://www.cian.ru/sale/flat/297894351/
1545,https://www.cian.ru/sale/flat/297880855/
1546,https://www.cian.ru/sale/flat/297470458/
1547,https://www.cian.ru/sale/flat/291208107/
1548,https://www.cian.ru/sale/flat/295373248/
1549,https://www.cian.ru/sale/flat/299555381/
1550,https://www.cian.ru/sale/flat/295992302/
1551,https://www.cian.ru/sale/flat/297904271/
1552,https://www.cian.ru/sale/flat/297630559/
1553,https://www.cian.ru/sale/flat/296011416/
1554,https://www.cian.ru/sale/flat/296698115/
1555,https://www.cian.ru/sale/flat/297630550/
1556,https://www.cian.ru/sale/flat/299380869/
1557,https://www.cian.ru/sale/flat/292803069/
1558,https://www.cian.ru/sale/flat/296233811/
1559,https://www.cian.ru/sale/flat/293200784/
1560,https://www.cian.ru/sale/flat/292656511/
1561,https://www.cian.ru/sale/flat/298111522/
1562,https://www.cian.ru/sale/flat/298225517/
1563,https://www.cian.ru/sale/flat/299397912/
1564,https://www.cian.ru/sale/flat/297806910/
1565,https://www.cian.ru/sale/flat/291873917/
1566,https://www.cian.ru/sale/flat/297960606/
1567,https://www.cian.ru/sale/flat/298250071/
1568,https://www.cian.ru/sale/flat/296152294/
1569,https://www.cian.ru/sale/flat/299627339/
1570,https://www.cian.ru/sale/flat/295736103/
1571,https://www.cian.ru/sale/flat/295332641/
1572,https://www.cian.ru/sale/flat/293200084/
1573,https://www.cian.ru/sale/flat/298002960/
1574,https://www.cian.ru/sale/flat/296670548/
1575,https://www.cian.ru/sale/flat/297256153/
1576,https://www.cian.ru/sale/flat/299617369/
1577,https://www.cian.ru/sale/flat/286850576/
1578,https://www.cian.ru/sale/flat/298655123/
1579,https://www.cian.ru/sale/flat/297942360/
1580,https://www.cian.ru/sale/flat/297244904/
1581,https://www.cian.ru/sale/flat/294206662/
1582,https://www.cian.ru/sale/flat/299250877/
1583,https://www.cian.ru/sale/flat/294511036/
1584,https://www.cian.ru/sale/flat/299565206/
1585,https://www.cian.ru/sale/flat/299237057/
1586,https://www.cian.ru/sale/flat/277370296/
1587,https://www.cian.ru/sale/flat/298842311/
1588,https://www.cian.ru/sale/flat/298842309/
1589,https://www.cian.ru/sale/flat/294173860/
1590,https://www.cian.ru/sale/flat/299323359/
1591,https://www.cian.ru/sale/flat/295832802/
1592,https://www.cian.ru/sale/flat/299603108/
1593,https://www.cian.ru/sale/flat/299731955/
1594,https://www.cian.ru/sale/flat/298265353/
1595,https://www.cian.ru/sale/flat/297675248/
1596,https://www.cian.ru/sale/flat/299012262/
1597,https://www.cian.ru/sale/flat/298161715/
1598,https://www.cian.ru/sale/flat/297589056/
1599,https://www.cian.ru/sale/flat/296940812/
1600,https://www.cian.ru/sale/flat/297061338/
1601,https://www.cian.ru/sale/flat/268914735/
1602,https://www.cian.ru/sale/flat/293666101/
1603,https://www.cian.ru/sale/flat/294769641/
1604,https://www.cian.ru/sale/flat/297885911/
1605,https://www.cian.ru/sale/flat/292984012/
1606,https://www.cian.ru/sale/flat/294221017/
1607,https://www.cian.ru/sale/flat/283955759/
1608,https://www.cian.ru/sale/flat/297125033/
1609,https://www.cian.ru/sale/flat/296083608/
1610,https://www.cian.ru/sale/flat/297548153/
1611,https://www.cian.ru/sale/flat/299768017/
1612,https://www.cian.ru/sale/flat/298465188/
1613,https://www.cian.ru/sale/flat/299244004/
1615,https://www.cian.ru/sale/flat/292752525/
1616,https://www.cian.ru/sale/flat/299414207/
1618,https://www.cian.ru/sale/flat/294515532/
1619,https://www.cian.ru/sale/flat/259258542/
